<?xml version="1.0"?>
<dwml version="1.0" xmlns:xsd="http://www.w3.org/2001/XMLSchema" xmlns:xsi="http://www.w3.org/2001/XMLSchema-instance" xsi:noNamespaceSchemaLocation="https://graphical.weather.gov/xml/DWMLgen/schema/DWML.xsd">
  <head>
    <product srsName="WGS 1984" concise-name="time-series" operational-mode="official">
      <title>NOAA's National Weather Service Forecast Data</title>
      <field>meteorological</field>
      <category>forecast</category>
      <creation-date refresh-frequency="PT1H">2017-11-17T17:00:01Z</creation-date>
    </product>
    <source>
      <more-information>https://graphical.weather.gov/xml/</more-information>
      <production-center>Meteorological Development Laboratory<sub-center>Product Generation Branch</sub-center></production-center>
      <disclaimer>http://www.nws.noaa.gov/disclaimer.html</disclaimer>
      <credit>https://www.weather.gov/</credit>
      <credit-logo>https://www.weather.gov/logorequest</credit-logo>
      <feedback>https://www.weather.gov/contact</feedback>
    </source>
  </head>
  <data>
    <location>
      <location-key>point1</location-key>
      <point latitude="32.99" longitude="-117.16"/>
    </location>
    <moreWeatherInformation applicable-location="point1">https://forecast-v3.weather.gov/point/32.99,-117.16</moreWeatherInformation>
    <time-layout time-coordinate="local" summarization="none">
      <layout-key>k-p24h-n7-1</layout-key>
      <start-valid-time>2017-11-17T07:00:00-08:00</start-valid-time>
      <end-valid-time>2017-11-17T19:00:00-08:00</end-valid-time>
      <start-valid-time>2017-11-18T07:00:00-08:00</start-valid-time>
      <end-valid-time>2017-11-18T19:00:00-08:00</end-valid-time>
      <start-valid-time>2017-11-19T07:00:00-08:00</start-valid-time>
      <end-valid-time>2017-11-19T19:00:00-08:00</end-valid-time>
      <start-valid-time>2017-11-20T07:00:00-08:00</start-valid-time>
      <end-valid-time>2017-11-20T19:00:00-08:00</end-valid-time>
      <start-valid-time>2017-11-21T07:00:00-08:00</start-valid-time>
      <end-valid-time>2017-11-21T19:00:00-08:00</end-valid-time>
      <start-valid-time>2017-11-22T07:00:00-08:00</start-valid-time>
      <end-valid-time>2017-11-22T19:00:00-08:00</end-valid-time>
      <start-valid-time>2017-11-23T07:00:00-08:00</start-valid-time>
      <end-valid-time>2017-11-23T19:00:00-08:00</end-valid-time>
    </time-layout>
    <time-layout time-coordinate="local" summarization="none">
      <layout-key>k-p24h-n6-2</layout-key>
      <start-valid-time>2017-11-17T19:00:00-08:00</start-valid-time>
      <end-valid-time>2017-11-18T08:00:00-08:00</end-valid-time>
      <start-valid-time>2017-11-18T19:00:00-08:00</start-valid-time>
      <end-valid-time>2017-11-19T08:00:00-08:00</end-valid-time>
      <start-valid-time>2017-11-19T19:00:00-08:00</start-valid-time>
      <end-valid-time>2017-11-20T08:00:00-08:00</end-valid-time>
      <start-valid-time>2017-11-20T19:00:00-08:00</start-valid-time>
      <end-valid-time>2017-11-21T08:00:00-08:00</end-valid-time>
      <start-valid-time>2017-11-21T19:00:00-08:00</start-valid-time>
      <end-valid-time>2017-11-22T08:00:00-08:00</end-valid-time>
      <start-valid-time>2017-11-22T19:00:00-08:00</start-valid-time>
      <end-valid-time>2017-11-23T08:00:00-08:00</end-valid-time>
    </time-layout>
    <time-layout time-coordinate="local" summarization="none">
      <layout-key>k-p3h-n35-3</layout-key>
      <start-valid-time>2017-11-17T10:00:00-08:00</start-valid-time>
      <start-valid-time>2017-11-17T13:00:00-08:00</start-valid-time>
      <start-valid-time>2017-11-17T16:00:00-08:00</start-valid-time>
      <start-valid-time>2017-11-17T19:00:00-08:00</start-valid-time>
      <start-valid-time>2017-11-17T22:00:00-08:00</start-valid-time>
      <start-valid-time>2017-11-18T01:00:00-08:00</start-valid-time>
      <start-valid-time>2017-11-18T04:00:00-08:00</start-valid-time>
      <start-valid-time>2017-11-18T07:00:00-08:00</start-valid-time>
      <start-valid-time>2017-11-18T10:00:00-08:00</start-valid-time>
      <start-valid-time>2017-11-18T13:00:00-08:00</start-valid-time>
      <start-valid-time>2017-11-18T16:00:00-08:00</start-valid-time>
      <start-valid-time>2017-11-18T19:00:00-08:00</start-valid-time>
      <start-valid-time>2017-11-18T22:00:00-08:00</start-valid-time>
      <start-valid-time>2017-11-19T01:00:00-08:00</start-valid-time>
      <start-valid-time>2017-11-19T04:00:00-08:00</start-valid-time>
      <start-valid-time>2017-11-19T07:00:00-08:00</start-valid-time>
      <start-valid-time>2017-11-19T10:00:00-08:00</start-valid-time>
      <start-valid-time>2017-11-19T13:00:00-08:00</start-valid-time>
      <start-valid-time>2017-11-19T16:00:00-08:00</start-valid-time>
      <start-valid-time>2017-11-19T22:00:00-08:00</start-valid-time>
      <start-valid-time>2017-11-20T04:00:00-08:00</start-valid-time>
      <start-valid-time>2017-11-20T10:00:00-08:00</start-valid-time>
      <start-valid-time>2017-11-20T16:00:00-08:00</start-valid-time>
      <start-valid-time>2017-11-20T22:00:00-08:00</start-valid-time>
      <start-valid-time>2017-11-21T04:00:00-08:00</start-valid-time>
      <start-valid-time>2017-11-21T10:00:00-08:00</start-valid-time>
      <start-valid-time>2017-11-21T16:00:00-08:00</start-valid-time>
      <start-valid-time>2017-11-21T22:00:00-08:00</start-valid-time>
      <start-valid-time>2017-11-22T04:00:00-08:00</start-valid-time>
      <start-valid-time>2017-11-22T10:00:00-08:00</start-valid-time>
      <start-valid-time>2017-11-22T16:00:00-08:00</start-valid-time>
      <start-valid-time>2017-11-22T22:00:00-08:00</start-valid-time>
      <start-valid-time>2017-11-23T04:00:00-08:00</start-valid-time>
      <start-valid-time>2017-11-23T10:00:00-08:00</start-valid-time>
      <start-valid-time>2017-11-23T16:00:00-08:00</start-valid-time>
    </time-layout>
    <parameters applicable-location="point1">
      <temperature type="maximum" units="Fahrenheit" time-layout="k-p24h-n7-1">
        <name>Daily Maximum Temperature</name>
        <value>73</value>
        <value>73</value>
        <value>73</value>
        <value>73</value>
        <value>78</value>
        <value>84</value>
        <value>84</value>
      </temperature>
      <temperature type="minimum" units="Fahrenheit" time-layout="k-p24h-n6-2">
        <name>Daily Minimum Temperature</name>
        <value>52</value>
        <value>49</value>
        <value>50</value>
        <value>53</value>
        <value>56</value>
        <value>59</value>
      </temperature>
      <temperature type="hourly" units="Fahrenheit" time-layout="k-p3h-n35-3">
        <name>Temperature</name>
        <value>69</value>
        <value>72</value>
        <value>67</value>
        <value>61</value>
        <value>58</value>
        <value>56</value>
        <value>54</value>
        <value>54</value>
        <value>68</value>
        <value>72</value>
        <value>66</value>
        <value>59</value>
        <value>55</value>
        <value>53</value>
        <value>51</value>
        <value>51</value>
        <value>67</value>
        <value>72</value>
        <value>67</value>
        <value>56</value>
        <value>52</value>
        <value>67</value>
        <value>68</value>
        <value>58</value>
        <value>55</value>
        <value>72</value>
        <value>72</value>
        <value>62</value>
        <value>58</value>
        <value>77</value>
        <value>77</value>
        <value>66</value>
        <value>61</value>
        <value>78</value>
        <value>77</value>
      </temperature>
    </parameters>
  </data>
</dwml>
